{"name":"cc0aeead-4d5b-4e12-bf23-8826500a37e6","id":"/providers/Microsoft.Flow/flows/cc0aeead-4d5b-4e12-bf23-8826500a37e6","type":"Microsoft.Flow/flows","properties":{"apiId":"/providers/Microsoft.PowerApps/apis/shared_logicflows","displayName":"PowerAppV2 -> Adicionar uma linha em uma tabela","definition":{"metadata":{"workflowEntityId":null,"processAdvisorMetadata":null,"flowChargedByPaygo":null,"flowclientsuspensionreason":"None","flowclientsuspensiontime":null,"flowclientsuspensionreasondetails":null,"creator":{"id":"6181d402-d4e5-4e76-a9b3-1e2667f3264e","type":"User","tenantId":"38ae2f02-5710-4e12-80bb-83600c3fdf1e"},"provisioningMethod":"FromDefinition","failureAlertSubscription":true,"clientLastModifiedTime":"2025-06-23T22:44:02.7918695Z","connectionKeySavedTimeKey":"2025-06-23T22:44:02.7918695Z","creationSource":"Portal","modifiedSources":"Portal;PowerappsPpux"},"$schema":"https://schema.management.azure.com/providers/Microsoft.Logic/schemas/2016-06-01/workflowdefinition.json#","contentVersion":"undefined","parameters":{"$connections":{"defaultValue":{},"type":"Object"},"$authentication":{"defaultValue":{},"type":"SecureObject"}},"triggers":{"manual":{"metadata":{"operationMetadataId":"cfec2f39-8dbb-4888-a54d-01324a888be5"},"type":"Request","kind":"PowerAppV2","inputs":{"schema":{"type":"object","properties":{"text":{"description":"Insira sua entrada","title":"Email","type":"string","x-ms-content-hint":"TEXT","x-ms-dynamically-added":true},"text_1":{"description":"Insira sua entrada","title":"Gpid","type":"string","x-ms-content-hint":"TEXT","x-ms-dynamically-added":true},"text_2":{"description":"Insira sua entrada","title":"Turno","type":"string","x-ms-content-hint":"TEXT","x-ms-dynamically-added":true}},"required":["text","text_1","text_2"]}}}},"actions":{"Adicionar_uma_linha_em_uma_tabela":{"runAfter":{},"metadata":{"01TH3GHM4SCGRVCS4HIJCIVV5KOSVRIUYG":"/Anexos/Fluxo de retirada de peças.xlsx","tableId":"{B71F7926-D5DE-4CA6-8F64-E88F3EB9737A}","operationMetadataId":"62cb37b0-ce6d-4584-8e32-148f1a2f8643"},"type":"OpenApiConnection","inputs":{"parameters":{"source":"me","drive":"b!WthPItOEH0OW4lXyy4s-px-kb97vU9dMvKdy8kmQjk74mVzk8RVlRbj0xJ7Bo61j","file":"01TH3GHM4SCGRVCS4HIJCIVV5KOSVRIUYG","table":"{B71F7926-D5DE-4CA6-8F64-E88F3EB9737A}","item/Turno":"@triggerBody()?['text_2']","item/Email":"@triggerBody()?['text']","item/Gpid":"@triggerBody()?['text_1']"},"host":{"apiId":"/providers/Microsoft.PowerApps/apis/shared_excelonlinebusiness","connectionName":"shared_excelonlinebusiness","operationId":"AddRowV2"},"authentication":{"value":"@json(decodeBase64(triggerOutputs().headers['X-MS-APIM-Tokens']))['$ConnectionKey']","type":"Raw"}}}}},"connectionReferences":{"shared_excelonlinebusiness":{"connectionName":"41745eaca67a47a2bdd3ede9523bf578","source":"Invoker","id":"/providers/Microsoft.PowerApps/apis/shared_excelonlinebusiness","tier":"NotSpecified","apiName":"excelonlinebusiness","isProcessSimpleApiReferenceConversionAlreadyDone":false}},"flowFailureAlertSubscribed":false,"isManaged":false}}