{"schemaVersion":"1.0","appDefinitionTemplate":{"id":"/providers/Microsoft.PowerApps/apps/","type":"Microsoft.PowerApps/apps","tags":{"primaryDeviceWidth":"640","primaryDeviceHeight":"1136","supportsPortrait":"true","supportsLandscape":"false","primaryFormFactor":"Phone","showStatusBar":"false","publisherVersion":"3.25063.6","minimumRequiredApiVersion":"2.2.0","hasComponent":"false","hasUnlockedComponent":"false","isUnifiedRootApp":"false","sienaVersion":"20250624T163909Z-3.25063.6.0"},"properties":{"appVersion":"2025-06-24T16:39:09Z","lifeCycleId":"Published","createdByClientVersion":{"major":3,"minor":25063,"build":6,"revision":0,"majorRevision":0,"minorRevision":0},"minClientVersion":{"major":3,"minor":25063,"build":6,"revision":0,"majorRevision":0,"minorRevision":0},"backgroundColor":"rgba(90, 106, 119, 1)","backgroundImageUri":"/14492838794406122954/Na84142b8-16b8-44e5-be24-b825157d0e55-logoSmallFile","displayName":"AutoStock pepsico","description":"","commitMessage":"atualizei tudo ","appUris":{"documentUri":{"value":"/14492838794406122954/N23d68f68-740e-447f-a497-127db6795031-document.msapp"},"imageUris":[],"additionalUris":[{"isSolutionAware":false,"value":"/14492838794406122954/N8346783f-134e-4081-9636-332def9bbb8d-identity.json"}]},"createdTime":"0001-01-01T00:00:00Z","lastModifiedTime":"0001-01-01T00:00:00Z","sharedGroupsCount":0,"sharedUsersCount":0,"connectionReferences":{"9dc018c3-5f0e-4068-99d5-cff0ae646af6":{"id":"2b49668b-dfa8-4f30-96a3-a52fe7ed0a25","displayName":"SharePoint","iconUri":"https://conn-afd-prod-endpoint-bmc9bqahasf3grgk.b01.azurefd.net/v1.0.1754/1.0.1754.4231/sharepointonline/icon.png","dataSources":["Localização de Peças - Itaquera"],"dependencies":[],"dependents":[],"parameterHints":{},"parameterHintsV2":{},"isOnPremiseConnection":false,"bypassConsent":false,"dataSets":{"https://pepsico.sharepoint.com/teams/Registrosdepeaitaquera":{"dataSources":{"Localização de Peças - Itaquera":{"tableName":"3acb4534-134a-40a5-ad69-5cc6827568ec"}}}},"apiTier":"Standard","isCustomApiConnection":false,"actions":["providers/PowerPlatform.Governance/Operations/Read"]},"79471801-4049-489d-91d5-5233f574d8d3":{"id":"3f51a7d0-eb5a-4591-a10d-77f9a4f2ffb5","displayName":"Excel Online (Business)","iconUri":"https://connectoricons-prod.azureedge.net/releases/v1.0.1718/1.0.1718.3944/excelonlinebusiness/icon.png","dataSources":["Login_1"],"dependencies":[],"dependents":["8f3dc554-22f3-477d-90c4-9ef0daca72df"],"parameterHints":{},"parameterHintsV2":{},"isOnPremiseConnection":false,"bypassConsent":false,"dataSets":{"me,b%2521WthPItOEH0OW4lXyy4s-px-kb97vU9dMvKdy8kmQjk74mVzk8RVlRbj0xJ7Bo61j,01TH3GHMZN6GP3SS7EHFD2CYPTIJWOEJDG":{"dataSources":{"Login_1":{"tableName":"{65262696-5175-474F-908C-F04038596E11}"}}}},"apiTier":"Standard","isCustomApiConnection":false,"actions":["providers/PowerPlatform.Governance/Operations/Read","providers/PowerPlatform.Governance/Operations/Write"]},"8f3dc554-22f3-477d-90c4-9ef0daca72df":{"id":"705b6476-7605-43e6-a2af-d4b0d58be7f2","displayName":"Fluxos lógicos","iconUri":"https://conn-afd-prod-endpoint-bmc9bqahasf3grgk.b01.azurefd.net/v1.0.1752/1.0.1752.4216/logicflows/icon.png","dataSources":["PowerAppV2->Adicionarumalinhaemumatabela"],"dependencies":["79471801-4049-489d-91d5-5233f574d8d3"],"dependents":[],"parameterHints":{"workflowName":{"value":"78eca95d-d11b-4a26-af44-8e3eef1a0f9a"},"workflowEntityId":{},"workflowDisplayName":{"value":"PowerAppV2 -> Adicionar uma linha em uma tabela"},"79471801-4049-489d-91d5-5233f574d8d3":{"value":"shared_excelonlinebusiness"}},"parameterHintsV2":{"workflowName":{"value":"78eca95d-d11b-4a26-af44-8e3eef1a0f9a"},"workflowEntityId":{},"workflowDisplayName":{"value":"PowerAppV2 -> Adicionar uma linha em uma tabela"},"shared_excelonlinebusiness":{"value":"79471801-4049-489d-91d5-5233f574d8d3"}},"isOnPremiseConnection":false,"bypassConsent":false,"dataSets":{},"apiTier":"Standard","isCustomApiConnection":false,"nestedActions":[{"id":"/providers/Microsoft.PowerApps/apis/shared_excelonlinebusiness/apiOperations/AddRowV2","flowConnectionRef":"shared_excelonlinebusiness","apiName":"Excel Online (Business)","actionName":"AddRowV2","referencedResources":[{"key":"fileId","value":"b!WthPItOEH0OW4lXyy4s-px-kb97vU9dMvKdy8kmQjk74mVzk8RVlRbj0xJ7Bo61j/01TH3GHM4SCGRVCS4HIJCIVV5KOSVRIUYG"},{"key":"table","value":"{B71F7926-D5DE-4CA6-8F64-E88F3EB9737A}"}]}]}},"databaseReferences":{},"almMode":"Environment","performanceOptimizationEnabled":true,"canConsumeAppPass":true,"enableModernRuntimeMode":false,"executionRestrictions":{"isTeamsOnly":false,"dataLossPreventionEvaluationResult":{"status":"Compliant","lastEvaluationDate":"2025-06-24T16:39:13.8382419Z","violations":[],"violationsByPolicy":[],"violationErrorMessage":"O aplicativo usa os seguintes conectores: shared_sharepointonline, shared_excelonlinebusiness, shared_logicflows."},"httpActionRestriction":{"appUsesSharepointHttpAction":false,"enforcementStrategy":"Legacy","evaluationTime":"2025-06-24T16:39:13.8381603Z"}}},"isAppComponentLibrary":false,"appType":"ClassicCanvasApp","appComponents":[]}}